episode,success,fail_reason,reward,collected,total_cabbages,steps,energy_used,energy_per_cabbage,total_turns,overlap_rate,sector_switches
0,0,no_return,18.906025047600377,26,26,140,47.20000000000004,0,77,0,0
1,1,success,434.26548539996173,34,34,92,36.80000000000002,0,46,0,0
2,1,success,376.18577875345966,27,27,80,28.50000000000005,0,31,0,0
3,0,no_return,53.552309454977646,25,25,136,44.900000000000055,0,65,0,0
4,1,success,378.7263245284559,26,26,80,29.800000000000054,0,38,0,0
5,0,no_return,41.77939530909081,29,29,152,51.40000000000007,0,78,0,0
6,1,success,377.27582568824306,30,30,90,33.00000000000005,0,41,0,0
7,1,success,364.7696724981071,25,25,70,27.700000000000042,0,37,0,0
8,1,success,392.36237824559225,28,28,76,28.800000000000036,0,30,0,0
9,1,success,452.19159449189914,32,32,74,29.800000000000054,0,30,0,0
10,0,no_return,93.74090474247944,33,33,168,57.90000000000009,0,80,0,0
11,1,success,378.43089355379357,30,30,95,35.80000000000003,0,49,0,0
12,1,success,371.84412610530876,25,25,74,26.700000000000045,0,32,0,0
13,1,success,391.61599788665785,26,26,65,27.400000000000038,0,32,0,0
14,0,no_return,17.179881528020033,32,32,165,52.100000000000094,0,65,0,0
15,1,success,411.1131565093997,30,30,82,31.600000000000062,0,38,0,0
16,1,success,205.79506514072426,27,27,140,51.30000000000007,0,77,0,0
17,1,success,383.1673411086203,33,33,109,41.90000000000003,0,60,0,0
18,1,success,388.79634359478973,30,30,95,36.20000000000003,0,51,0,0
19,0,no_return,-11.079261504113479,33,33,168,62.500000000000064,0,94,0,0
20,1,success,463.2029259890318,31,31,54,26.30000000000003,0,26,0,0
21,1,success,372.9543740957977,26,26,72,28.200000000000042,0,37,0,0
22,0,no_return,82.84893400073075,34,34,172,58.100000000000094,0,78,0,0
23,1,success,424.7620326787235,28,28,61,26.000000000000032,0,26,0,0
24,1,success,430.34494596719765,32,32,85,37.60000000000002,0,54,0,0
26,1,success,485.49797027409096,34,34,70,32.00000000000004,0,37,0,0
27,1,success,400.16879668831837,32,32,98,36.40000000000003,0,48,0,0
28,1,success,399.53288969993616,27,27,73,27.500000000000032,0,29,0,0
29,0,no_return,80.7282370552422,29,29,152,48.70000000000006,0,74,0,0
30,1,success,390.4630892574788,29,29,84,31.500000000000046,0,38,0,0
31,1,success,392.04730728268646,26,26,68,27.200000000000035,0,32,0,0
32,1,success,252.8281256437303,32,32,148,53.400000000000055,0,77,0,0
33,1,success,331.6360094577076,25,25,82,30.900000000000052,0,44,0,0
34,1,success,450.0592917561532,30,30,60,27.200000000000035,0,30,0,0
35,1,success,387.68906891345995,28,28,74,28.400000000000045,0,31,0,0
36,1,success,480.14057423770447,34,34,76,31.40000000000004,0,32,0,0
37,1,success,331.3811593279244,33,33,138,49.300000000000054,0,70,0,0
38,1,success,285.65443809181454,31,31,126,41.10000000000006,0,52,0,0
39,1,success,376.5383306175472,34,34,114,41.60000000000004,0,51,0,0
40,1,success,239.46321594715127,26,26,124,42.800000000000075,0,59,0,0
41,0,no_return,33.491859254241255,32,32,164,56.20000000000006,0,81,0,0
42,0,no_return,29.648539541661915,26,26,141,47.00000000000004,0,71,0,0
43,1,success,406.98109698444637,30,30,84,33.40000000000004,0,46,0,0
44,1,success,488.79160473346724,34,34,64,29.600000000000037,0,25,0,0
45,1,success,381.0808255881073,26,26,70,27.000000000000036,0,32,0,0
46,1,success,369.1728001177313,28,28,88,34.00000000000003,0,47,0,0
47,0,no_return,85.88030764833088,30,30,156,55.50000000000011,0,83,0,0
48,1,success,344.1617581859232,29,29,92,38.90000000000002,0,59,0,0
49,1,success,429.1161162912847,30,30,68,29.600000000000037,0,35,0,0
50,1,success,394.988246497512,26,26,64,26.200000000000028,0,32,0,0
51,0,no_return,56.460437096655625,27,27,144,49.300000000000054,0,74,0,0
52,1,success,463.5988285064699,32,32,64,29.400000000000034,0,29,0,0
53,0,no_return,78.04578168392204,28,28,148,50.700000000000074,0,79,0,0
54,1,success,368.6984709650279,30,30,94,34.00000000000005,0,42,0,0
55,1,success,381.6563104152681,26,26,70,26.800000000000043,0,34,0,0
56,1,success,305.7205946505071,26,26,103,38.200000000000045,0,57,0,0
57,0,no_return,-13.101174911856278,34,34,172,62.4000000000001,0,92,0,0
58,1,success,369.82780372947474,33,33,121,41.90000000000007,0,55,0,0
59,0,no_return,81.46293982043876,34,34,172,61.100000000000065,0,91,0,0
60,1,success,364.6054756850006,31,31,102,36.70000000000006,0,43,0,0
61,0,no_return,82.28718763366355,32,32,164,55.600000000000094,0,76,0,0
62,1,success,392.25608878731754,29,29,88,34.100000000000044,0,45,0,0
63,1,success,441.5576513603334,33,33,94,35.700000000000045,0,43,0,0
64,1,success,335.81024532467137,30,30,118,42.80000000000005,0,63,0,0
65,1,success,447.732924975455,31,31,74,30.300000000000043,0,33,0,0
66,1,success,401.9686472192408,29,29,86,29.500000000000064,0,29,0,0
67,1,success,387.5972393959762,27,27,76,29.100000000000044,0,34,0,0
68,1,success,381.52536038458356,25,25,65,26.10000000000003,0,31,0,0
69,1,success,427.6474378585816,28,28,60,24.80000000000003,0,22,0,0
70,0,no_return,18.031866499782023,32,32,165,56.50000000000007,0,82,0,0
71,1,success,457.6306649535896,32,32,78,30.800000000000054,0,31,0,0
72,1,success,229.8082541614772,31,31,156,54.90000000000008,0,82,0,0
73,1,success,471.0521857082845,34,34,80,34.40000000000004,0,41,0,0
74,1,success,425.02481632083675,31,31,85,35.300000000000054,0,47,0,0
75,1,success,410.4149830788375,31,31,84,33.700000000000045,0,42,0,0
76,1,success,471.17481830120107,33,33,66,31.50000000000004,0,38,0,0
77,0,no_return,51.11143503040107,31,31,160,55.600000000000094,0,78,0,0
78,1,success,481.6356829136611,34,34,74,32.00000000000004,0,36,0,0
79,1,success,238.24831451326614,25,25,124,41.300000000000054,0,63,0,0
80,1,success,424.74752790629867,28,28,60,25.400000000000027,0,26,0,0
81,1,success,380.74135724902163,25,25,70,26.300000000000036,0,31,0,0
82,0,no_return,60.28023590296529,29,29,152,51.20000000000006,0,77,0,0
83,0,no_return,55.13993720263247,27,27,144,46.00000000000005,0,68,0,0
84,1,success,426.72237267792235,30,30,70,29.800000000000036,0,36,0,0
85,1,success,440.6434347450735,30,30,68,29.20000000000004,0,34,0,0
86,1,success,421.7604336649181,29,29,74,29.30000000000004,0,32,0,0
87,1,success,342.57883321642885,26,26,88,33.60000000000004,0,43,0,0
88,1,success,428.62612460255644,32,32,82,36.800000000000026,0,54,0,0
89,1,success,448.2962902843954,34,34,92,34.600000000000065,0,37,0,0
90,1,success,402.3319688662889,33,33,99,38.50000000000006,0,53,0,0
91,1,success,446.27424471080315,33,33,76,31.100000000000044,0,31,0,0
92,0,no_return,29.85643822252783,25,25,136,47.90000000000008,0,74,0,0
93,0,no_return,49.99129635095628,34,34,173,57.500000000000114,0,77,0,0
94,0,no_return,56.314181451499735,31,31,161,52.300000000000054,0,80,0,0
95,1,success,225.8814509585501,31,31,160,54.90000000000011,0,77,0,0
96,0,no_return,61.99220255315324,28,28,148,52.00000000000007,0,76,0,0
97,0,no_return,57.19515898823748,25,25,136,42.50000000000009,0,59,0,0
98,1,success,355.9487943097951,27,27,88,29.10000000000006,0,28,0,0
99,1,success,415.1026555433871,30,30,84,31.800000000000054,0,38,0,0
100,0,no_return,85.07557850256589,44,44,212,73.99999999999994,0,112,0,0
101,1,success,513.9642498210076,42,42,109,44.600000000000016,0,56,0,0
102,1,success,486.96828797310604,38,38,96,38.80000000000003,0,44,0,0
103,1,success,406.19362065941107,30,30,95,34.40000000000004,0,46,0,0
104,1,success,410.80180872380737,32,32,99,42.400000000000006,0,62,0,0
105,1,success,437.3034612476826,33,33,95,35.90000000000005,0,48,0,0
106,0,no_return,124.15991664603371,41,41,200,73.59999999999998,0,114,0,0
107,1,success,403.2732260495428,33,33,105,42.10000000000002,0,62,0,0
108,1,success,534.4316679358485,43,43,104,43.700000000000024,0,52,0,0
109,1,success,445.08458556830914,36,36,112,45.400000000000006,0,67,0,0
110,1,success,263.6938898533585,30,30,142,53.20000000000004,0,81,0,0
111,0,no_return,98.48384868502659,35,35,176,63.70000000000002,0,103,0,0
112,0,no_return,85.42442992329646,43,43,208,71.19999999999997,0,120,0,0
113,1,success,459.3260597735646,34,34,89,36.20000000000004,0,48,0,0
114,1,success,467.2928851708772,34,34,85,35.400000000000034,0,41,0,0
115,1,success,477.0394340053203,34,34,75,34.20000000000003,0,44,0,0
116,1,success,457.4765319719913,33,33,80,33.90000000000003,0,42,0,0
117,1,success,388.09533965736654,30,30,98,39.2,0,59,0,0
118,1,success,432.82306752502933,35,35,106,41.100000000000016,0,56,0,0
119,1,success,532.746322989464,40,40,89,38.400000000000006,0,47,0,0
120,0,no_return,90.95240947902225,31,31,160,51.90000000000004,0,78,0,0
121,0,no_return,45.055860933661684,37,37,183,71.79999999999995,0,114,0,0
122,1,success,525.8545139551168,42,42,111,44.000000000000014,0,54,0,0
123,1,success,322.85443843901226,41,41,199,77.69999999999992,0,125,0,0
124,1,success,416.39387808293117,34,34,102,41.80000000000002,0,59,0,0
125,0,no_return,39.46669287607097,41,41,200,73.49999999999997,0,106,0,0
126,1,success,296.34534708783036,43,43,183,66.09999999999997,0,97,0,0
127,0,no_return,40.391609416902064,32,32,164,57.400000000000055,0,91,0,0
128,1,success,465.550628523529,37,37,109,41.70000000000001,0,58,0,0
129,1,success,473.5139970228078,34,34,80,34.40000000000004,0,41,0,0
130,1,success,396.48765732124457,41,41,147,54.70000000000003,0,74,0,0
131,1,success,425.7674700096252,32,32,95,34.800000000000054,0,39,0,0
132,1,success,579.1757343918086,44,44,84,41.40000000000002,0,48,0,0
133,1,success,534.2251090571289,44,44,115,49.20000000000002,0,65,0,0
134,1,success,520.7499615773561,40,40,98,41.00000000000003,0,46,0,0
135,1,success,413.10386856794366,32,32,88,36.600000000000016,0,50,0,0
136,1,success,524.6471567749982,44,44,111,47.600000000000016,0,59,0,0
137,1,success,502.38967863619354,36,36,78,33.60000000000004,0,37,0,0
138,1,success,428.1658728584649,33,33,98,39.50000000000003,0,56,0,0
139,1,success,470.47312085330526,37,37,100,39.10000000000005,0,49,0,0
140,1,success,208.25157335251583,33,33,159,57.90000000000005,0,88,0,0
141,0,no_return,-64.09793534427862,38,38,187,67.40000000000008,0,97,0,0
142,1,success,482.0096572473648,42,42,117,41.00000000000002,0,47,0,0
143,1,success,433.0946925193074,31,31,78,31.700000000000053,0,40,0,0
144,1,success,465.7466595128181,37,37,103,43.30000000000001,0,62,0,0
145,1,success,523.5845077663664,41,41,100,42.100000000000016,0,50,0,0
146,1,success,269.71665584147,35,35,165,63.50000000000004,0,98,0,0
147,1,success,301.84333320409087,32,32,133,47.19999999999998,0,72,0,0
148,0,no_return,67.7583807364109,44,44,212,74.69999999999996,0,107,0,0
149,0,no_return,7.618715876341061,35,35,176,65.10000000000005,0,95,0,0
150,1,success,459.1737569183116,42,42,144,52.800000000000004,0,76,0,0
151,0,no_return,27.3768774300817,33,33,168,56.40000000000009,0,82,0,0
152,1,success,516.264434424043,39,39,93,40.90000000000003,0,54,0,0
153,1,success,580.0544882476332,44,44,90,41.60000000000001,0,46,0,0
154,1,success,551.6801278382542,43,43,96,41.700000000000024,0,45,0,0
155,1,success,496.29915175288943,36,36,82,34.60000000000004,0,39,0,0
156,1,success,514.2154059261086,38,38,86,36.80000000000002,0,41,0,0
157,1,success,455.74637098014375,38,38,104,44.80000000000001,0,62,0,0
158,0,no_return,85.68257222399137,33,33,168,58.30000000000008,0,86,0,0
159,1,success,450.5404778435829,35,35,100,38.30000000000004,0,47,0,0
160,1,success,541.5471872136,41,41,94,41.10000000000001,0,47,0,0
161,1,success,485.0455973237757,41,41,118,46.70000000000005,0,59,0,0
162,0,no_return,127.96194833144575,37,37,184,73.89999999999998,0,118,0,0
163,0,no_return,16.566032928228484,33,33,168,61.70000000000001,0,99,0,0
164,0,no_return,69.3906757816673,40,40,195,68.60000000000001,0,95,0,0
165,0,no_return,29.99900006204876,30,30,156,60.20000000000007,0,95,0,0
166,1,success,526.8187946379187,38,38,74,34.80000000000003,0,38,0,0
167,1,success,422.76330122947707,31,31,92,35.70000000000007,0,50,0,0
168,0,no_return,103.00836879014987,37,37,184,60.70000000000012,0,79,0,0
169,1,success,463.9014603078367,35,35,88,35.500000000000036,0,42,0,0
170,0,no_return,113.19394762069028,43,43,208,71.09999999999995,0,103,0,0
171,0,no_return,123.69305826947108,41,41,200,67.30000000000008,0,89,0,0
172,0,no_return,102.73046143352992,31,31,160,53.00000000000008,0,73,0,0
173,0,no_return,31.668019071221526,31,31,160,55.60000000000006,0,85,0,0
174,1,success,509.24902831465033,38,38,88,36.00000000000005,0,38,0,0
175,1,success,550.7271120041611,42,42,98,42.20000000000002,0,50,0,0
176,1,success,479.7901558786632,35,35,81,34.70000000000004,0,39,0,0
177,0,no_return,128.7202935226264,43,43,207,74.09999999999994,0,113,0,0
178,1,success,528.1804740488531,42,42,104,43.00000000000001,0,51,0,0
179,1,success,418.1949305683375,38,38,120,46.80000000000004,0,56,0,0
180,0,no_return,23.14379164055003,31,31,160,51.1000000000001,0,68,0,0
181,1,success,479.63606960475477,39,39,103,47.29999999999999,0,68,0,0
182,1,success,473.19063427299284,36,36,92,38.600000000000044,0,45,0,0
183,1,success,440.74420380592363,31,31,74,31.300000000000033,0,37,0,0
184,1,success,503.4005165755752,38,38,91,38.60000000000004,0,47,0,0
185,1,success,413.2152995675805,35,35,113,41.30000000000002,0,57,0,0
186,1,success,416.8311251088978,32,32,86,36.80000000000003,0,51,0,0
187,1,success,464.61729558408314,43,43,140,53.9,0,77,0,0
188,1,success,396.6275974392894,30,30,95,37.600000000000044,0,55,0,0
189,1,success,338.12751427590865,35,35,133,46.500000000000064,0,60,0,0
190,1,success,440.46527022272386,33,33,94,37.30000000000005,0,48,0,0
191,1,success,478.7497121125463,40,40,117,46.80000000000002,0,68,0,0
192,1,success,512.7357459843163,39,39,94,40.70000000000002,0,51,0,0
193,1,success,410.0675390288235,36,36,114,43.80000000000004,0,53,0,0
194,1,success,430.32067912220975,30,30,72,32.400000000000034,0,41,0,0
195,0,no_return,63.73226817548315,38,38,188,68.90000000000002,0,103,0,0
196,1,success,519.3670741319659,39,39,91,38.500000000000036,0,40,0,0
197,1,success,517.5481246978047,38,38,84,35.80000000000003,0,41,0,0
198,0,no_return,56.701533593982774,37,37,184,61.80000000000012,0,83,0,0
199,1,success,496.8477143183354,38,38,92,40.60000000000002,0,51,0,0
200,1,success,536.8496383234863,43,43,112,50.30000000000002,0,67,0,0
201,1,success,405.12393077760953,48,48,182,69.79999999999988,0,103,0,0
202,1,success,627.6822306767107,51,51,103,46.30000000000002,0,47,0,0
203,1,success,383.12146663740293,42,42,166,72.39999999999988,0,120,0,0
204,1,success,577.6129863992337,50,50,133,56.599999999999994,0,71,0,0
205,0,no_return,143.59136110693288,40,40,195,67.79999999999993,0,107,0,0
206,1,success,633.0988325387242,50,50,105,46.00000000000002,0,48,0,0
207,1,success,591.6866675227884,48,48,116,46.00000000000002,0,49,0,0
208,1,success,335.9647141605621,48,48,211,76.19999999999979,0,118,0,0
209,1,success,611.8103850483897,49,49,103,47.100000000000016,0,54,0,0
210,0,not_collected,153.861965398491,42,51,238,73.90000000000002,0,126,0,0
211,1,success,530.1365840740507,49,49,167,64.49999999999999,0,90,0,0
212,1,success,538.1166452184323,42,42,97,42.20000000000002,0,50,0,0
213,1,success,534.6988613307478,41,41,93,39.100000000000044,0,42,0,0
214,1,success,506.46451763361733,41,41,107,44.10000000000001,0,58,0,0
215,1,success,381.65146618410984,47,47,176,54.09999999999998,0,88,0,0
216,0,no_return,74.81769526302838,54,54,251,88.09999999999962,0,131,0,0
217,1,success,612.6643115311863,50,50,111,49.40000000000001,0,58,0,0
218,1,success,414.5717061758046,50,50,173,72.99999999999993,0,104,0,0
219,0,no_return,136.74597871601588,48,48,227,68.99999999999996,0,97,0,0
220,1,success,460.9196343682714,49,49,194,73.89999999999988,0,109,0,0
221,1,success,551.0046037822967,41,41,84,38.300000000000026,0,45,0,0
222,1,success,461.5682789891961,40,40,118,48.0,0,71,0,0
223,1,success,610.2808781594042,48,48,98,47.20000000000003,0,57,0,0
224,0,not_collected,156.10519752502483,41,42,203,86.10000000000002,0,139,0,0
225,1,success,536.0695808231834,41,41,90,41.30000000000001,0,52,0,0
226,0,not_collected,322.8071637865163,52,53,247,96.89999999999976,0,159,0,0
227,1,success,598.2451083317401,54,54,148,58.80000000000001,0,71,0,0
228,1,success,539.7327164754274,42,42,94,40.80000000000004,0,46,0,0
229,1,success,597.3450814977291,46,46,89,43.400000000000006,0,51,0,0
230,0,no_return,91.68378453999799,40,40,195,64.70000000000009,0,87,0,0
231,1,success,663.0270862475041,52,52,96,48.19999999999999,0,53,0,0
232,1,success,543.9620554149151,44,44,101,43.20000000000001,0,50,0,0
233,1,success,442.6375796891753,44,44,177,67.39999999999999,0,102,0,0
234,1,success,636.0428336694843,53,53,122,52.89999999999999,0,66,0,0
235,1,success,416.07876395136134,41,41,145,52.500000000000014,0,72,0,0
236,0,not_collected,173.60819144845053,49,50,235,82.60000000000002,0,144,0,0
237,0,no_return,113.6392023265363,47,47,222,86.69999999999989,0,131,0,0
238,1,success,535.1201373592021,44,44,107,43.80000000000004,0,52,0,0
239,0,no_return,119.3106288723651,50,50,235,83.5999999999998,0,133,0,0
240,1,success,517.5761171683672,41,41,98,43.50000000000001,0,58,0,0
241,1,success,550.7110995337371,45,45,112,48.499999999999986,0,59,0,0
242,1,success,578.41921492219,48,48,102,47.400000000000006,0,59,0,0
243,1,success,615.872373245657,49,49,104,47.10000000000001,0,56,0,0
244,1,success,599.749556128681,50,50,115,50.400000000000006,0,62,0,0
245,1,success,622.6361430525786,53,53,120,53.7,0,65,0,0
246,1,success,579.2642177835112,49,49,130,54.30000000000002,0,72,0,0
247,1,success,525.6453296691182,40,40,90,39.200000000000024,0,43,0,0
248,1,success,676.4081922620537,53,53,93,45.70000000000002,0,44,0,0
249,1,success,615.3329652607445,48,48,90,42.60000000000003,0,44,0,0
250,1,success,671.8103870436553,54,54,99,48.599999999999994,0,55,0,0
251,1,success,486.3663396462805,52,52,172,69.39999999999992,0,99,0,0
252,1,success,413.51977629587066,50,50,203,77.1999999999999,0,115,0,0
253,0,not_collected,235.62097941041043,39,41,199,76.99999999999993,0,126,0,0
254,0,no_return,91.8373045943679,43,43,207,72.6999999999999,0,113,0,0
255,1,success,499.49942108988785,42,42,118,45.20000000000002,0,51,0,0
256,1,success,655.2847960576419,54,54,113,52.20000000000001,0,61,0,0
257,0,no_return,1.2370505467061328,46,46,219,81.59999999999987,0,122,0,0
258,1,success,535.4014707088472,47,47,130,52.70000000000001,0,71,0,0
259,1,success,533.807117171586,44,44,113,47.20000000000002,0,59,0,0
260,1,success,405.84784040451075,47,47,167,68.69999999999996,0,101,0,0
261,1,success,615.8335899427536,49,49,100,47.49999999999999,0,57,0,0
262,1,success,584.2725951924922,51,51,141,61.69999999999999,0,84,0,0
263,0,no_return,60.298593282699606,41,41,199,87.80000000000001,0,141,0,0
264,1,success,471.6993881687525,47,47,144,57.70000000000003,0,74,0,0
265,0,not_collected,290.85515062138523,46,47,223,80.89999999999985,0,119,0,0
266,1,success,683.5996216505771,54,54,102,48.80000000000001,0,52,0,0
267,0,not_collected,131.07936100289245,37,49,231,99.4999999999999,0,171,0,0
268,1,success,508.39275806397217,45,45,123,47.90000000000002,0,61,0,0
269,0,no_return,75.01476355940125,47,47,223,76.09999999999992,0,112,0,0
270,1,success,438.0883093670013,41,41,132,52.90000000000001,0,74,0,0
271,1,success,495.70360368043214,44,44,117,48.399999999999984,0,64,0,0
272,1,success,576.7800310641533,53,53,142,58.30000000000003,0,70,0,0
273,0,not_collected,164.8220073938374,51,53,247,65.0,0,104,0,0
274,1,success,374.30393211543566,40,40,148,46.00000000000003,0,63,0,0
275,1,success,621.3762200683358,50,50,104,47.8,0,54,0,0
276,1,success,622.206468933821,48,48,89,43.4,0,48,0,0
277,1,success,405.97165315896314,47,47,172,67.30000000000001,0,93,0,0
278,1,success,582.9943459004166,44,44,88,40.200000000000045,0,42,0,0
279,1,success,494.6482745274909,54,54,189,70.59999999999978,0,98,0,0
280,1,success,442.27567642480165,45,45,148,58.699999999999996,0,83,0,0
281,1,success,572.8045932829382,51,51,132,55.3,0,71,0,0
282,0,not_collected,12.429539396613931,34,44,211,69.70000000000002,0,116,0,0
283,1,success,235.56649282574674,50,50,233,57.8,0,82,0,0
284,1,success,551.1313009038572,44,44,106,43.40000000000004,0,51,0,0
285,1,success,351.0855133846409,40,40,163,63.40000000000002,0,96,0,0
286,1,success,669.0799637675287,52,52,91,45.40000000000003,0,45,0,0
287,1,success,554.5271240860227,43,43,98,44.50000000000002,0,58,0,0
288,1,success,575.2103390693667,43,43,82,38.10000000000003,0,37,0,0
289,1,success,456.60692193955214,44,44,143,58.20000000000004,0,79,0,0
290,1,success,469.63413404375376,43,43,149,64.69999999999995,0,99,0,0
291,1,success,473.8939576730135,45,45,139,52.90000000000002,0,68,0,0
292,1,success,564.6893621563916,46,46,111,46.00000000000002,0,52,0,0
293,0,not_collected,286.0950805068026,49,50,235,93.29999999999981,0,142,0,0
294,1,success,541.4093390062453,40,40,84,37.60000000000003,0,41,0,0
295,1,success,542.5668449312452,42,42,88,39.20000000000002,0,44,0,0
296,0,not_collected,262.7878093838698,41,42,203,76.59999999999991,0,128,0,0
297,1,success,509.09037235826304,40,40,101,42.80000000000004,0,57,0,0
298,1,success,502.59751965105556,40,40,98,41.000000000000014,0,53,0,0
299,0,not_collected,230.62918336764022,43,48,226,87.69999999999983,0,130,0,0
300,1,success,458.2722006365661,40,40,128,53.40000000000002,0,76,0,0
301,0,not_collected,-42.46784077957286,26,46,218,68.69999999999985,0,162,0,0
302,0,not_collected,31.78101506680224,44,45,215,51.500000000000036,0,84,0,0
303,1,success,520.556624568999,40,40,90,40.00000000000001,0,49,0,0
304,0,not_collected,129.81747956425008,40,46,218,80.39999999999998,0,155,0,0
305,0,not_collected,181.86800424233124,42,45,214,85.59999999999991,0,134,0,0
306,0,not_collected,51.48880211189409,36,51,239,52.40000000000002,0,83,0,0
307,1,success,623.6700928494337,50,50,105,48.20000000000001,0,58,0,0
308,0,no_return,143.46858432739992,46,46,219,80.9999999999999,0,122,0,0
309,1,success,619.9498955100778,52,52,111,47.000000000000014,0,51,0,0
310,1,success,588.3579769268636,51,51,137,59.3,0,79,0,0
311,0,no_return,175.70053938627328,53,53,247,87.39999999999976,0,120,0,0
312,1,success,534.1934707000855,42,42,96,42.20000000000003,0,50,0,0
313,1,success,616.1809549197558,48,48,98,45.400000000000006,0,55,0,0
314,1,success,540.7236499384048,44,44,113,46.600000000000016,0,59,0,0
315,1,success,661.3921678259976,53,53,108,53.89999999999998,0,70,0,0
316,1,success,510.8573466330771,42,42,117,47.400000000000006,0,65,0,0
317,1,success,432.2014094591143,41,41,128,50.10000000000004,0,63,0,0
318,1,success,514.1957836933439,49,49,146,63.099999999999966,0,93,0,0
319,1,success,403.55005292296437,46,46,173,52.2,0,83,0,0
320,1,success,632.263515144587,50,50,104,46.200000000000024,0,50,0,0
321,1,success,569.4941355660561,45,45,100,45.90000000000001,0,55,0,0
322,1,success,242.38704136684538,41,41,184,52.099999999999966,0,93,0,0
323,1,success,600.9894855052236,46,46,93,42.000000000000014,0,43,0,0
324,0,not_collected,154.6527640968564,38,50,234,94.59999999999992,0,151,0,0
325,0,no_return,96.23659702912022,52,52,242,94.69999999999983,0,150,0,0
326,1,success,665.0214328110221,53,53,104,48.90000000000003,0,51,0,0
327,1,success,405.086758594215,42,42,149,56.60000000000002,0,81,0,0
328,0,no_return,18.3839546941222,46,46,218,49.2,0,65,0,0
329,0,no_return,99.09277381598986,42,42,203,78.29999999999994,0,116,0,0
330,1,success,532.5813314408067,46,46,120,51.000000000000014,0,68,0,0
331,1,success,360.94959560036665,44,44,203,88.79999999999974,0,151,0,0
332,1,success,605.0990215152503,46,46,88,39.600000000000044,0,37,0,0
333,1,success,567.2463670223954,45,45,106,46.099999999999994,0,56,0,0
334,1,success,491.73006902933173,47,47,149,58.89999999999999,0,82,0,0
335,1,success,590.0026486635211,54,54,147,60.6,0,80,0,0
336,1,success,595.4375366464262,53,53,134,58.100000000000016,0,70,0,0
337,1,success,600.2994532153014,48,48,113,48.2,0,56,0,0
338,1,success,630.2480315655473,51,51,106,48.900000000000006,0,62,0,0
339,1,success,578.4748609766366,46,46,98,44.20000000000001,0,53,0,0
340,1,success,459.15039743930146,44,44,140,53.400000000000006,0,74,0,0
341,1,success,638.729771175981,52,52,113,49.99999999999999,0,60,0,0
342,1,success,684.5788521170618,54,54,100,49.4,0,52,0,0
343,1,success,472.7998638898137,42,42,126,50.00000000000002,0,66,0,0
344,0,not_collected,-99.75687641203368,33,52,242,48.60000000000002,0,86,0,0
345,0,not_collected,-31.626294999942573,36,49,230,46.90000000000005,0,80,0,0
346,1,success,546.491819021106,41,41,87,38.70000000000003,0,41,0,0
347,0,not_collected,243.74643499925764,39,41,198,66.50000000000007,0,92,0,0
348,1,success,478.63178358376047,44,44,151,64.99999999999996,0,94,0,0
349,0,not_collected,224.66835894510143,42,44,210,82.59999999999995,0,123,0,0
350,1,success,489.15550284981754,43,43,136,51.1,0,72,0,0
351,1,success,636.3170985117558,49,49,89,44.10000000000002,0,48,0,0
352,1,success,605.0641551285987,52,52,132,54.8,0,64,0,0
353,1,success,529.0380419045689,41,41,103,42.300000000000026,0,51,0,0
354,1,success,551.2861198648815,50,50,141,59.80000000000001,0,78,0,0
355,0,not_collected,304.8462652534255,51,52,242,97.79999999999978,0,153,0,0
356,1,success,574.8801250398163,44,44,91,42.40000000000002,0,50,0,0
357,1,success,618.1149236768485,47,47,85,41.10000000000002,0,41,0,0
358,1,success,661.0167370140555,50,50,80,41.00000000000002,0,38,0,0
359,0,not_collected,245.53645571768337,43,44,210,88.99999999999987,0,146,0,0
360,0,no_return,130.13725851029224,52,52,243,87.29999999999978,0,131,0,0
361,1,success,618.65462461561,48,48,92,43.40000000000001,0,50,0,0
362,1,success,591.2753501504664,46,46,93,43.20000000000001,0,51,0,0
363,1,success,624.6955087512735,49,49,100,46.099999999999994,0,53,0,0
364,1,success,532.1770931676033,42,42,101,44.20000000000001,0,57,0,0
365,1,success,588.6223366349939,50,50,126,55.4,0,74,0,0
366,0,not_collected,-445.232501135767,28,48,226,35.19999999999998,0,78,0,0
367,1,success,499.8465169638399,44,44,143,55.40000000000001,0,77,0,0
368,1,success,549.741645330191,43,43,98,43.10000000000001,0,53,0,0
369,1,success,351.2660881072288,40,40,164,60.40000000000003,0,89,0,0
370,0,not_collected,-68.09430064409946,36,47,222,49.50000000000005,0,83,0,0
371,0,not_collected,331.02163582593306,51,52,242,84.59999999999991,0,120,0,0
372,1,success,528.9055728688841,45,45,120,47.30000000000004,0,55,0,0
373,1,success,597.8940475836398,50,50,121,50.199999999999996,0,58,0,0
374,1,success,503.8542445942762,51,51,169,64.90000000000002,0,90,0,0
375,1,success,557.8963084205989,43,43,98,40.90000000000004,0,44,0,0
376,0,no_return,174.16436162963583,49,49,232,89.79999999999976,0,139,0,0
377,0,not_collected,-102.30756251886494,36,46,218,43.19999999999998,0,78,0,0
378,0,no_return,174.93810240104847,50,50,234,88.39999999999985,0,131,0,0
379,1,success,551.6817475751046,44,44,110,46.20000000000003,0,59,0,0
380,1,success,644.1361351981762,50,50,92,44.80000000000001,0,49,0,0
381,0,no_return,58.43639189302949,41,41,199,69.10000000000005,0,93,0,0
382,0,no_return,304.90486779734556,53,53,247,98.59999999999977,0,155,0,0
383,0,no_return,124.1412561163309,45,45,215,83.39999999999989,0,127,0,0
384,0,not_collected,205.02263827249428,48,50,235,99.79999999999978,0,177,0,0
385,0,not_collected,294.5483604587624,50,53,246,87.29999999999976,0,132,0,0
386,1,success,493.2818771168592,45,45,158,61.70000000000005,0,81,0,0
387,1,success,500.617600114644,44,44,139,55.2,0,75,0,0
388,1,success,636.9890599071982,52,52,119,54.19999999999999,0,70,0,0
389,1,success,380.1134586200121,40,40,146,53.199999999999996,0,81,0,0
390,1,success,441.308651711047,43,43,139,55.5,0,84,0,0
391,1,success,532.2732820361856,45,45,116,48.700000000000045,0,60,0,0
392,0,not_collected,284.70983674153734,48,49,231,92.69999999999982,0,140,0,0
393,1,success,524.3907565951351,52,52,160,58.400000000000006,0,80,0,0
394,1,success,573.1689637690783,47,47,103,45.500000000000014,0,53,0,0
395,0,no_return,184.14577283859302,52,52,243,99.69999999999993,0,163,0,0
396,1,success,567.9486105114227,52,52,144,57.399999999999984,0,72,0,0
397,1,success,522.032518412173,48,48,135,54.80000000000002,0,67,0,0
398,1,success,638.4966610699894,52,52,113,50.60000000000002,0,57,0,0
399,1,success,682.9895154654984,53,53,89,44.900000000000006,0,43,0,0
400,1,success,643.8408037155868,51,51,94,45.49999999999999,0,49,0,0
401,1,success,380.3163060583178,45,45,174,66.49999999999999,0,95,0,0
402,0,no_return,109.55385057777204,40,40,194,70.00000000000001,0,104,0,0
403,1,success,329.607654819638,42,42,177,74.59999999999997,0,119,0,0
404,1,success,506.5378482267264,40,40,98,42.8,0,58,0,0
405,1,success,613.927450077236,49,49,106,48.7,0,61,0,0
406,1,success,438.18138639256375,51,51,195,70.09999999999995,0,89,0,0
407,1,success,615.2966201379897,50,50,100,46.60000000000004,0,48,0,0
408,0,no_return,118.09392115026749,41,41,199,74.69999999999995,0,112,0,0
409,1,success,573.2448473751548,44,44,91,41.40000000000002,0,50,0,0
410,1,success,650.9193024307493,54,54,117,52.399999999999984,0,65,0,0
411,1,success,341.52329648435204,53,53,216,78.69999999999987,0,107,0,0
412,1,success,665.111843441427,54,54,112,51.400000000000006,0,60,0,0
413,0,no_return,93.17103202194008,51,51,239,89.1999999999998,0,128,0,0
414,1,success,525.7077124074106,43,43,108,44.900000000000006,0,55,0,0
415,1,success,664.7716485396031,54,54,111,52.0,0,60,0,0
416,1,success,663.0299504116183,54,54,122,53.00000000000002,0,63,0,0
417,0,no_return,79.75777970403458,46,46,219,80.09999999999991,0,120,0,0
418,1,success,268.2189400948589,53,53,229,87.69999999999982,0,125,0,0
419,1,success,556.1490113735201,53,53,148,61.70000000000002,0,81,0,0
420,0,no_return,79.26632476896091,43,43,207,70.79999999999994,0,97,0,0
421,1,success,570.1136442959312,47,47,116,48.30000000000001,0,59,0,0
422,1,success,518.0929126411677,40,40,104,41.20000000000006,0,47,0,0
423,1,success,620.111035458744,52,52,121,55.199999999999974,0,75,0,0
424,1,success,596.5097381889823,47,47,102,46.30000000000001,0,55,0,0
425,1,success,554.2240703210239,46,46,123,53.40000000000003,0,70,0,0
426,1,success,661.4931607872251,52,52,92,46.20000000000001,0,47,0,0
427,0,not_collected,242.96988968551182,40,41,198,72.60000000000001,0,107,0,0
428,1,success,546.3766025871041,42,42,91,39.60000000000002,0,43,0,0
429,0,no_return,106.01295286789583,50,50,235,86.4999999999998,0,125,0,0
430,1,success,657.5549550205474,54,54,109,49.20000000000002,0,54,0,0
431,1,success,488.1870194986465,52,52,166,63.80000000000006,0,79,0,0
432,1,success,602.5075967893008,46,46,89,42.20000000000002,0,48,0,0
433,1,success,582.5512399092323,48,48,119,52.19999999999999,0,71,0,0
434,1,success,621.5752675324682,53,53,125,52.30000000000005,0,60,0,0
435,1,success,583.3805974751715,46,46,101,43.20000000000002,0,44,0,0
436,1,success,618.469458152354,54,54,132,51.4,0,64,0,0
437,0,not_collected,275.6642085164795,42,43,207,72.39999999999993,0,113,0,0
438,0,no_return,96.40580014735485,44,44,212,77.7,0,108,0,0
439,0,no_return,46.41268637441147,52,52,243,79.69999999999987,0,126,0,0
440,0,no_return,6.7503169160343885,54,54,251,98.69999999999963,0,155,0,0
441,0,no_return,42.61696177870066,41,41,199,68.59999999999998,0,107,0,0
442,1,success,607.8195179164413,49,49,106,47.1,0,55,0,0
443,0,not_collected,260.9933689147242,41,42,203,71.29999999999998,0,104,0,0
444,0,not_collected,182.28990313857813,48,52,243,85.09999999999991,0,145,0,0
445,1,success,458.82771689593847,40,40,134,51.80000000000001,0,74,0,0
446,1,success,538.7720788076522,48,48,137,56.00000000000002,0,69,0,0
447,0,no_return,161.28991686999848,44,44,211,72.59999999999994,0,100,0,0
448,1,success,497.4592296674848,51,51,156,61.699999999999996,0,82,0,0
449,1,success,534.420635887981,51,51,146,60.70000000000001,0,81,0,0
450,0,not_collected,313.59021552950225,52,53,247,95.19999999999978,0,135,0,0
451,0,no_return,114.95563723966539,47,47,223,84.69999999999982,0,126,0,0
452,1,success,592.8679663062098,49,49,113,47.5,0,58,0,0
453,1,success,546.9447023287416,43,43,97,43.50000000000002,0,53,0,0
454,1,success,393.44854674786336,41,41,154,56.700000000000024,0,82,0,0
455,0,not_collected,173.2828292269265,47,51,239,78.49999999999994,0,141,0,0
456,1,success,651.387000846863,51,51,94,46.500000000000014,0,54,0,0
457,1,success,245.60191584900053,43,43,189,75.09999999999994,0,112,0,0
458,0,not_collected,149.20333515107652,52,53,246,90.49999999999993,0,153,0,0
459,1,success,480.475148022175,43,43,121,51.30000000000003,0,67,0,0
460,0,no_return,270.2011103481064,49,49,231,96.49999999999989,0,151,0,0
461,1,success,561.1800639614466,46,46,115,49.40000000000001,0,62,0,0
462,1,success,614.5423510819676,48,48,102,45.200000000000024,0,51,0,0
463,1,success,534.5509081617,41,41,96,41.30000000000003,0,48,0,0
464,1,success,561.941854192317,49,49,137,58.900000000000006,0,80,0,0
465,0,no_return,172.44180291146066,43,43,207,55.90000000000005,0,83,0,0
466,0,not_collected,62.986080457270305,40,50,234,65.40000000000012,0,133,0,0
467,1,success,629.4564540535213,51,51,107,51.300000000000004,0,63,0,0
468,0,not_collected,61.10629326999216,32,40,195,47.50000000000003,0,87,0,0
469,1,success,597.7819795981053,47,47,101,46.90000000000001,0,55,0,0
470,1,success,481.6671422690157,40,40,111,43.400000000000034,0,56,0,0
471,1,success,510.7664178267125,44,44,125,51.8,0,70,0,0
472,1,success,598.3323954105382,53,53,135,59.5,0,77,0,0
473,1,success,664.8209160462027,54,54,116,53.59999999999999,0,66,0,0
474,1,success,565.3422460526232,43,43,92,40.30000000000004,0,41,0,0
475,0,not_collected,293.3164138570434,49,50,235,90.29999999999978,0,130,0,0
476,1,success,654.0822371304039,54,54,112,52.80000000000001,0,61,0,0
477,0,not_collected,234.39514584243378,42,44,211,83.59999999999994,0,129,0,0
478,0,no_return,157.2254954688258,44,44,211,64.10000000000004,0,87,0,0
479,1,success,568.2977378562096,51,51,133,56.300000000000004,0,73,0,0
480,1,success,450.49753057211666,46,46,158,68.99999999999993,0,104,0,0
481,1,success,556.3172918125994,44,44,107,44.80000000000003,0,57,0,0
482,1,success,575.2969380393628,45,45,100,44.30000000000001,0,53,0,0
483,1,success,436.0199678547682,53,53,178,73.49999999999993,0,96,0,0
484,1,success,560.3097346663478,45,45,109,44.70000000000002,0,51,0,0
485,1,success,405.13133860155983,42,42,170,62.40000000000001,0,97,0,0
486,1,success,269.8410396851601,53,53,247,80.29999999999981,0,98,0,0
487,1,success,417.68344244509956,47,47,152,63.50000000000003,0,87,0,0
488,1,success,531.3385621577504,41,41,101,42.900000000000006,0,52,0,0
489,1,success,440.436541183293,41,41,134,53.70000000000004,0,70,0,0
490,0,no_return,199.03074366003335,53,53,247,90.69999999999973,0,131,0,0
491,0,not_collected,57.302210911363495,33,44,211,80.00000000000003,0,156,0,0
492,1,success,649.0978314056998,54,54,109,53.59999999999997,0,69,0,0
493,1,success,299.0585819154987,46,46,212,76.59999999999992,0,110,0,0
494,1,success,562.9577765017751,51,51,145,67.10000000000001,0,92,0,0
495,1,success,593.413142818213,50,50,123,54.0,0,71,0,0
496,1,success,592.3499273672703,45,45,84,40.300000000000026,0,43,0,0
497,0,not_collected,226.8266393676404,40,41,198,71.19999999999999,0,106,0,0
498,0,no_return,94.67484621331108,47,47,223,77.79999999999997,0,107,0,0
499,1,success,460.1738809347157,46,46,153,58.8,0,84,0,0
500,0,not_collected,189.931127217412,43,53,246,98.39999999999965,0,175,0,0
501,1,success,661.3912442028524,54,54,113,51.99999999999997,0,62,0,0
502,0,no_return,235.63013243600753,52,52,241,96.19999999999975,0,159,0,0
503,1,success,522.3090681836012,53,53,154,69.29999999999991,0,99,0,0
504,0,not_collected,279.9046147368852,52,54,249,79.89999999999978,0,129,0,0
505,0,not_collected,-25.41348626315567,39,53,246,72.69999999999996,0,129,0,0
506,0,no_return,245.34703300744383,50,50,234,99.19999999999985,0,168,0,0
507,0,not_collected,261.0232369698589,52,53,246,68.39999999999998,0,109,0,0
508,0,no_return,154.89353934451972,58,58,266,99.19999999999973,0,149,0,0
509,0,no_return,152.45284011140524,56,56,259,97.79999999999967,0,148,0,0
510,0,no_return,94.4351749569184,50,50,234,87.09999999999978,0,126,0,0
511,1,success,663.0803889080885,54,54,112,51.2,0,60,0,0
512,1,success,657.1228041991596,64,64,170,70.79999999999987,0,90,0,0
513,0,not_collected,220.91330112181626,51,52,242,83.99999999999987,0,149,0,0
514,1,success,546.6946790955965,53,53,167,77.49999999999986,0,120,0,0
515,1,success,508.6302156440918,57,57,181,76.69999999999992,0,107,0,0
516,0,not_collected,107.47222166359316,49,54,250,52.80000000000004,0,78,0,0
517,1,success,357.07929580844973,50,50,215,78.59999999999985,0,110,0,0
518,0,no_return,11.713178360462535,63,63,254,100.09999999999981,0,163,0,0
519,0,not_collected,222.16129510328213,57,59,270,89.19999999999993,0,139,0,0
520,1,success,595.8991948097947,57,57,158,61.09999999999998,0,80,0,0
521,1,success,631.5319369986657,52,52,112,50.79999999999999,0,61,0,0
522,0,no_return,138.7295009456578,52,52,242,83.49999999999993,0,120,0,0
523,0,not_collected,300.86170001328014,56,59,269,99.29999999999976,0,153,0,0
524,0,not_collected,267.59468301534747,54,55,253,87.69999999999996,0,128,0,0
525,1,success,292.34579920433464,53,53,234,91.49999999999979,0,140,0,0
526,0,not_collected,-300.2125705152752,10,55,254,13.9,0,25,0,0
527,0,not_collected,151.35202295631157,51,56,257,94.19999999999996,0,157,0,0
528,0,not_collected,290.2606807447979,50,53,246,92.89999999999984,0,140,0,0
529,0,not_collected,198.862056563795,58,59,270,99.19999999999996,0,164,0,0
530,0,not_collected,301.9988648559907,59,61,277,98.69999999999969,0,147,0,0
531,0,not_collected,193.31038957797045,52,57,262,99.59999999999987,0,182,0,0
532,0,not_collected,311.0043391637509,61,62,282,87.9999999999998,0,129,0,0
533,0,no_return,185.70467360764772,59,59,270,99.39999999999968,0,153,0,0
534,0,not_collected,316.88038450181534,55,56,257,97.29999999999981,0,141,0,0
535,0,no_return,146.85631008297239,51,51,238,89.99999999999983,0,143,0,0
536,0,no_return,141.24099136739974,53,53,246,70.69999999999993,0,104,0,0
537,1,success,539.9725971907379,51,51,139,51.49999999999999,0,65,0,0
538,0,not_collected,-106.50086541846373,35,55,254,37.40000000000006,0,53,0,0
539,1,success,519.7389420703055,50,50,163,69.79999999999994,0,98,0,0
540,1,success,763.3799954578278,64,64,121,59.399999999999984,0,68,0,0
541,0,not_collected,-363.4876362428072,10,54,250,31.799999999999955,0,74,0,0
542,1,success,451.91963198930074,60,60,218,87.19999999999978,0,126,0,0
543,1,success,710.3939645960932,59,59,119,56.300000000000004,0,63,0,0
544,0,not_collected,289.56078584492326,51,53,246,96.9999999999999,0,148,0,0
545,1,success,408.2874616459012,51,51,190,64.10000000000005,0,98,0,0
546,0,not_collected,277.99380462318686,51,53,246,97.79999999999981,0,147,0,0
547,1,success,633.7139249652625,51,51,100,49.9,0,60,0,0
548,1,success,651.3691657148306,60,60,158,70.39999999999992,0,106,0,0
549,1,success,379.36587933152964,64,64,278,97.99999999999966,0,146,0,0
550,1,success,629.6305056631568,54,54,135,56.00000000000001,0,67,0,0
551,0,not_collected,154.91501794718235,46,57,261,83.19999999999996,0,139,0,0
552,0,not_collected,146.5763806968928,38,51,238,93.59999999999991,0,155,0,0
553,0,not_collected,163.47007091194376,45,54,249,93.99999999999979,0,153,0,0
554,1,success,650.8741914570335,52,52,104,48.800000000000004,0,54,0,0
555,0,not_collected,365.56083138585194,55,56,259,85.59999999999964,0,111,0,0
556,1,success,557.0159714847807,50,50,127,54.0,0,66,0,0
557,0,not_collected,230.15704786479574,61,62,253,100.39999999999986,0,146,0,0
558,1,success,634.1778024539356,63,63,166,71.2999999999999,0,98,0,0
559,0,not_collected,363.88342623785303,59,62,282,98.29999999999951,0,129,0,0
560,1,success,413.7401057019837,56,56,241,87.99999999999959,0,131,0,0
561,0,not_collected,288.209860262276,49,50,234,97.59999999999988,0,160,0,0
562,0,not_collected,19.995972032844914,44,63,286,99.99999999999991,0,177,0,0
563,0,not_collected,279.0547351174061,62,63,286,90.49999999999982,0,150,0,0
564,1,success,597.3846326798205,57,57,152,61.7,0,72,0,0
565,0,not_collected,174.82149498164722,59,60,274,99.3,0,150,0,0
566,1,success,623.4426233209674,63,63,198,72.4999999999999,0,99,0,0
567,1,success,662.4687128774829,58,58,143,62.39999999999999,0,77,0,0
568,0,not_collected,276.46360170170755,53,54,249,84.59999999999985,0,122,0,0
569,1,success,550.6098127529033,58,58,184,73.79999999999993,0,100,0,0
570,1,success,252.5362940400837,57,57,244,53.900000000000006,0,64,0,0
571,0,not_collected,-476.5581535860902,5,51,238,9.600000000000001,0,23,0,0
572,0,not_collected,254.59791274070804,46,53,246,92.69999999999978,0,136,0,0
573,1,success,664.2864696413283,55,55,118,55.899999999999956,0,73,0,0
574,0,not_collected,313.5218321718287,58,59,270,99.59999999999987,0,153,0,0
575,1,success,510.09705130904985,61,61,224,78.69999999999985,0,105,0,0
576,1,success,610.4333464592697,55,55,139,55.69999999999999,0,66,0,0
577,1,success,779.3854833111167,64,64,115,59.799999999999976,0,70,0,0
578,0,no_return,202.2027841158215,57,57,263,98.99999999999967,0,143,0,0
579,0,not_collected,163.57991355992877,54,60,274,91.09999999999997,0,150,0,0
580,1,success,672.6301701605323,59,59,142,65.09999999999997,0,86,0,0
581,1,success,597.4475555062297,51,51,118,51.300000000000004,0,64,0,0
582,0,not_collected,-71.79301252067084,40,51,238,50.900000000000034,0,82,0,0
583,1,success,448.38161289244897,52,52,209,79.99999999999972,0,119,0,0
584,1,success,702.6229106053711,59,59,131,56.9,0,65,0,0
585,1,success,614.7895959988239,51,51,115,50.300000000000004,0,59,0,0
586,1,success,730.1283754155045,62,62,122,56.4,0,61,0,0
587,0,not_collected,-377.23473386764596,12,64,290,21.99999999999999,0,41,0,0
588,0,not_collected,264.9514448732147,46,52,242,82.5999999999999,0,112,0,0
589,1,success,523.2054706037052,61,61,213,88.4999999999997,0,126,0,0
590,1,success,465.9894849382344,50,50,163,64.20000000000003,0,86,0,0
591,0,no_return,156.797821091861,54,54,250,90.59999999999965,0,130,0,0
592,0,not_collected,154.83518538586796,62,63,285,81.29999999999983,0,142,0,0
593,0,not_collected,147.8817043304435,55,57,263,54.40000000000001,0,77,0,0
594,1,success,648.679154235125,58,58,146,67.19999999999992,0,91,0,0
595,1,success,493.5189648754901,58,58,225,73.79999999999988,0,100,0,0
596,0,no_return,193.87019026540233,55,55,254,66.79999999999997,0,122,0,0
597,1,success,725.787207296491,62,62,125,61.99999999999995,0,80,0,0
598,1,success,547.1058893918994,51,51,151,69.69999999999986,0,102,0,0
599,1,success,697.1669194526974,63,63,148,63.90000000000001,0,74,0,0
600,1,success,721.825348542631,62,62,137,60.800000000000004,0,71,0,0
601,1,success,441.8328652657573,51,51,202,73.2999999999999,0,111,0,0
602,0,no_return,212.65657195970425,53,53,245,87.1999999999998,0,124,0,0
603,1,success,636.0693844079974,53,53,122,55.1,0,69,0,0
604,0,not_collected,297.00480265542916,62,64,290,99.19999999999965,0,155,0,0
605,1,success,663.0830538272863,61,61,167,72.8999999999999,0,92,0,0
606,0,not_collected,292.4528160460301,53,55,254,99.79999999999978,0,159,0,0
607,1,success,752.8684882551436,64,64,135,61.19999999999999,0,71,0,0
608,0,not_collected,219.14328677579812,57,59,269,99.59999999999982,0,157,0,0
609,1,success,669.8092941656712,58,58,139,60.59999999999999,0,76,0,0
610,1,success,714.2794134140019,59,59,111,55.699999999999974,0,70,0,0
611,1,success,719.3545657873156,61,61,132,59.69999999999998,0,72,0,0
612,0,not_collected,311.1998615220206,52,53,246,95.09999999999977,0,137,0,0
613,1,success,486.03905139192995,51,51,185,66.1,0,87,0,0
614,1,success,684.4887857653202,62,62,162,68.99999999999994,0,84,0,0
615,1,success,518.668645447493,51,51,180,74.3,0,100,0,0
616,1,success,731.6733472481378,63,63,132,61.09999999999998,0,74,0,0
617,1,success,613.2630107641223,50,50,113,51.800000000000004,0,69,0,0
618,0,not_collected,-202.79283294081753,35,62,282,62.300000000000026,0,97,0,0
619,0,not_collected,146.33735250011068,54,64,290,53.30000000000002,0,63,0,0
620,1,success,697.2345546469096,59,59,128,59.69999999999997,0,76,0,0
621,1,success,689.309138154239,60,60,155,64.00000000000001,0,82,0,0
622,0,not_collected,221.0620431147527,60,63,286,74.69999999999995,0,103,0,0
623,1,success,548.0592731140559,60,60,219,87.19999999999966,0,133,0,0
624,1,success,678.5306479483844,54,54,109,47.800000000000026,0,47,0,0
625,0,not_collected,205.92202239185573,53,54,249,98.99999999999997,0,181,0,0
626,1,success,710.2653571978217,58,58,114,53.599999999999994,0,62,0,0
627,1,success,648.8535408750179,61,61,159,73.29999999999993,0,93,0,0
628,0,not_collected,41.52853940203775,34,57,262,99.59999999999994,0,173,0,0
629,1,success,796.528119213879,64,64,104,53.800000000000004,0,52,0,0
630,0,not_collected,340.48170214109206,60,61,278,99.79999999999974,0,136,0,0
631,1,success,487.21848054677326,52,52,207,83.99999999999986,0,135,0,0
632,1,success,594.9885127529506,56,56,170,77.79999999999991,0,116,0,0
633,0,no_return,278.34401845708584,57,57,262,98.89999999999972,0,170,0,0
634,1,success,690.743452908099,60,60,143,61.6,0,72,0,0
635,1,success,635.3002057343724,55,55,126,55.7,0,66,0,0
636,1,success,648.5589204862717,53,53,114,54.3,0,68,0,0
637,1,success,700.7337003111843,59,59,123,60.09999999999997,0,77,0,0
638,0,not_collected,181.02916341126027,44,58,266,80.89999999999995,0,132,0,0
639,1,success,739.9707766443494,63,63,129,60.29999999999999,0,70,0,0
640,1,success,633.2123318850997,51,51,111,49.90000000000002,0,55,0,0
641,0,no_return,82.84824889302264,60,60,274,98.69999999999973,0,148,0,0
642,1,success,758.2751672908668,63,63,123,58.899999999999984,0,66,0,0
643,0,not_collected,304.47518850863037,50,51,238,94.89999999999976,0,169,0,0
644,1,success,639.3030407831079,53,53,117,56.099999999999966,0,74,0,0
645,1,success,615.4052307270473,55,55,151,68.09999999999998,0,99,0,0
646,0,no_return,296.21370003819544,53,53,246,90.49999999999973,0,130,0,0
647,0,no_return,116.42599998675347,62,62,281,99.69999999999962,0,148,0,0
648,1,success,589.9933709681038,64,64,193,74.39999999999988,0,92,0,0
649,0,no_return,86.2614566333593,58,58,266,99.19999999999968,0,154,0,0
650,0,not_collected,-100.01364055275928,17,59,270,93.89999999999992,0,164,0,0
651,1,success,726.2451396971943,58,58,103,50.79999999999999,0,52,0,0
652,1,success,599.4280510768299,51,51,124,52.100000000000016,0,57,0,0
653,0,no_return,213.7587179251019,53,53,246,99.29999999999974,0,169,0,0
654,1,success,736.704273439944,64,64,144,66.79999999999994,0,90,0,0
655,1,success,595.3920036718253,54,54,148,56.20000000000001,0,70,0,0
656,0,no_return,150.29660846591034,53,53,246,86.59999999999974,0,132,0,0
657,1,success,737.349650022388,59,59,99,50.100000000000016,0,47,0,0
658,0,not_collected,255.5841305136687,52,54,250,75.89999999999998,0,121,0,0
659,1,success,466.11097453460104,59,59,219,92.8999999999999,0,142,0,0
660,1,success,555.4982393831018,50,50,127,53.200000000000024,0,65,0,0
661,1,success,437.7262956321242,52,52,227,89.59999999999975,0,150,0,0
662,0,no_return,256.46357371546435,64,64,290,89.99999999999997,0,158,0,0
663,1,success,651.2485161587597,51,51,99,44.70000000000004,0,43,0,0
664,0,not_collected,34.911128753424165,47,58,266,54.10000000000015,0,105,0,0
665,1,success,558.3462067000571,55,55,175,72.49999999999991,0,105,0,0
666,1,success,666.308291217685,62,62,140,64.79999999999997,0,79,0,0
667,1,success,644.3401573896411,53,53,123,52.30000000000001,0,61,0,0
668,1,success,643.5019328624014,54,54,117,54.4,0,66,0,0
669,1,success,629.4862333476547,50,50,105,47.60000000000001,0,52,0,0
670,0,no_return,204.29498196616825,51,51,238,94.89999999999985,0,149,0,0
671,1,success,559.0129527896647,51,51,139,57.099999999999994,0,75,0,0
672,0,not_collected,340.7743565306079,55,60,273,82.69999999999968,0,107,0,0
673,0,not_collected,306.25216549299796,57,58,266,99.6999999999998,0,150,0,0
674,0,not_collected,245.1764404408638,46,50,234,82.89999999999984,0,122,0,0
675,0,not_collected,292.58032494411003,49,50,234,89.3999999999998,0,132,0,0
676,0,not_collected,336.61894848644897,56,57,262,99.89999999999976,0,147,0,0
677,0,not_collected,198.0936681419613,57,63,286,99.4999999999999,0,166,0,0
678,1,success,653.2702660739428,60,60,171,72.19999999999993,0,94,0,0
679,1,success,719.1053116083147,60,60,125,55.19999999999999,0,64,0,0
680,0,no_return,175.83025594800716,56,56,258,98.19999999999966,0,142,0,0
681,0,not_collected,260.2262299105538,52,60,274,93.89999999999978,0,129,0,0
682,1,success,627.616435030103,50,50,99,45.6,0,50,0,0
683,0,not_collected,278.1411806441848,51,54,250,98.69999999999986,0,152,0,0
684,1,success,559.6141262859107,53,53,150,61.90000000000003,0,81,0,0
685,1,success,629.6300847336656,63,63,162,67.09999999999997,0,86,0,0
686,1,success,555.9818158127371,64,64,238,98.99999999999967,0,157,0,0
687,0,not_collected,347.4907178394505,59,62,282,99.29999999999954,0,162,0,0
688,0,not_collected,158.38424572423105,40,51,237,79.79999999999995,0,132,0,0
689,0,not_collected,-58.13430749103368,39,55,254,55.100000000000264,0,127,0,0
690,1,success,556.5216954872017,58,58,160,59.199999999999974,0,76,0,0
691,1,success,363.8552253402773,51,51,203,68.7,0,94,0,0
692,1,success,512.5228520900018,63,63,219,72.09999999999995,0,112,0,0
693,0,not_collected,229.03623570352858,50,51,237,54.70000000000001,0,75,0,0
694,1,success,630.7656707271938,63,63,195,88.09999999999988,0,137,0,0
695,0,not_collected,152.49906191974947,42,57,262,99.99999999999986,0,173,0,0
696,1,success,338.6462169729175,59,59,269,77.29999999999991,0,111,0,0
697,1,success,634.8395700931553,51,51,106,50.900000000000006,0,63,0,0
698,0,not_collected,298.07880515307187,52,53,246,93.59999999999975,0,135,0,0
699,0,no_return,198.68366328924915,53,53,246,87.59999999999981,0,123,0,0
700,0,not_collected,56.188839142024676,42,56,257,41.30000000000005,0,54,0,0
701,1,success,682.4709856808189,56,56,118,54.00000000000001,0,64,0,0
702,0,no_return,258.53864286057694,61,61,278,91.19999999999979,0,143,0,0
703,0,not_collected,43.90451015904614,41,61,278,56.000000000000036,0,86,0,0
704,1,success,584.7076265633109,50,50,125,55.39999999999999,0,72,0,0
705,0,no_return,207.36182797402168,58,58,267,89.19999999999968,0,114,0,0
706,1,success,611.6640749648218,50,50,123,51.000000000000014,0,60,0,0
707,1,success,660.0654622785748,62,62,158,65.99999999999997,0,83,0,0
708,0,not_collected,285.62910047322623,61,62,282,100.29999999999959,0,154,0,0
709,1,success,471.10479273982395,59,59,226,81.89999999999971,0,113,0,0
710,0,no_return,287.15717965550783,50,50,234,84.59999999999985,0,122,0,0
711,0,not_collected,257.01351604610693,56,60,273,92.59999999999975,0,143,0,0
712,1,success,547.5592362597586,52,52,151,64.6,0,89,0,0
713,1,success,704.5667231410746,58,58,114,53.0,0,57,0,0
714,0,not_collected,242.3850958630452,50,51,238,98.79999999999994,0,174,0,0
715,0,no_return,136.21724130511387,61,61,278,99.59999999999988,0,156,0,0
716,0,not_collected,-258.77939067520214,4,64,290,88.7,0,159,0,0
717,1,success,645.3912020608785,53,53,109,51.29999999999999,0,60,0,0
718,0,not_collected,332.7746647685776,54,55,254,97.49999999999973,0,148,0,0
719,0,not_collected,-75.53051867038019,22,51,238,44.500000000000036,0,92,0,0
720,1,success,595.584873713553,60,60,156,65.39999999999998,0,78,0,0
721,1,success,486.7959913037715,64,64,247,99.79999999999976,0,145,0,0
722,1,success,699.4260808363557,56,56,108,49.80000000000002,0,50,0,0
723,0,not_collected,310.8877919405708,55,56,258,94.79999999999981,0,148,0,0
724,0,not_collected,238.86289449483246,52,57,261,99.3999999999998,0,147,0,0
725,1,success,576.2944714874035,52,52,150,64.99999999999999,0,91,0,0
726,0,no_return,323.131771186741,64,64,290,98.69999999999968,0,133,0,0
727,1,success,633.0643697351222,51,51,105,51.30000000000001,0,66,0,0
728,0,not_collected,324.9929375655955,61,63,286,99.09999999999975,0,153,0,0
729,1,success,585.301762067527,58,58,176,70.79999999999988,0,99,0,0
730,0,no_return,291.45523680374083,57,57,262,99.59999999999994,0,157,0,0
731,1,success,514.4355081357064,59,59,225,65.89999999999993,0,106,0,0
732,1,success,696.2663052648307,57,57,116,52.70000000000002,0,56,0,0
733,0,not_collected,262.9694089956592,47,51,238,91.39999999999988,0,136,0,0
734,1,success,410.30799378156746,56,56,250,96.39999999999984,0,150,0,0
735,1,success,622.2162731096151,64,64,167,68.39999999999993,0,79,0,0
736,1,success,610.347255843878,62,62,195,77.79999999999987,0,112,0,0
737,0,not_collected,286.93200149536284,53,55,254,99.3999999999999,0,159,0,0
738,0,not_collected,94.12031364068412,56,62,282,69.30000000000008,0,127,0,0
739,0,not_collected,338.4927108660352,59,62,282,99.59999999999971,0,150,0,0
740,0,not_collected,-732.7039458319528,2,59,270,9.5,0,31,0,0
741,0,not_collected,292.1256649956116,51,52,242,95.09999999999972,0,140,0,0
742,1,success,643.4317763626577,53,53,110,48.900000000000006,0,53,0,0
743,0,not_collected,311.92776110470345,49,50,234,84.29999999999984,0,122,0,0
744,0,not_collected,370.4774254232654,56,58,266,86.29999999999956,0,108,0,0
745,0,not_collected,253.94458445683185,52,53,246,77.29999999999994,0,127,0,0
746,0,not_collected,-158.56973125189552,47,62,282,52.70000000000006,0,73,0,0
747,0,not_collected,362.3669513817888,60,61,278,99.79999999999963,0,148,0,0
748,0,no_return,219.88495990373244,59,59,270,99.2999999999996,0,138,0,0
749,1,success,462.24346011728034,64,64,243,89.99999999999966,0,117,0,0
750,0,not_collected,230.44936895221522,52,59,269,99.99999999999996,0,181,0,0
751,0,no_return,259.47496821470617,62,62,282,98.79999999999968,0,143,0,0
752,0,not_collected,215.42471119165464,48,58,265,98.19999999999987,0,183,0,0
753,1,success,690.9773726791146,56,56,104,51.800000000000004,0,57,0,0
754,1,success,549.8624602556233,58,58,178,69.39999999999989,0,89,0,0
755,0,not_collected,119.47087549418252,46,60,274,97.09999999999998,0,166,0,0
756,1,success,666.8113895550375,55,55,117,53.90000000000002,0,61,0,0
757,0,no_return,209.7104877315469,60,60,274,98.69999999999965,0,147,0,0
758,0,not_collected,214.09197223186516,60,64,290,99.99999999999999,0,155,0,0
759,1,success,720.4730710968379,60,60,112,56.59999999999999,0,65,0,0
760,0,not_collected,326.68193410784147,54,56,258,96.29999999999976,0,138,0,0
761,1,success,637.1588433429604,56,56,134,56.199999999999996,0,65,0,0
762,0,not_collected,332.470335927606,54,56,258,98.69999999999958,0,147,0,0
763,1,success,772.2391370356086,63,63,113,56.90000000000001,0,61,0,0
764,0,not_collected,100.91564674079449,41,50,234,43.700000000000045,0,63,0,0
765,0,not_collected,213.88209978006785,56,63,286,56.70000000000001,0,79,0,0
766,0,no_return,201.31716719530465,60,60,275,99.19999999999969,0,135,0,0
767,0,not_collected,246.6201810941108,51,55,254,94.2999999999999,0,146,0,0
768,1,success,686.6973419368267,62,62,159,67.19999999999993,0,83,0,0
769,0,not_collected,-147.0138765454296,31,60,274,35.40000000000003,0,59,0,0
770,0,not_collected,224.1211066365241,52,55,253,74.8999999999999,0,109,0,0
771,1,success,648.0874353408819,53,53,111,51.30000000000001,0,59,0,0
772,0,not_collected,-181.30229230970153,17,53,245,21.200000000000003,0,31,0,0
773,1,success,661.8418793126943,54,54,115,52.39999999999999,0,62,0,0
774,1,success,690.9479116261009,56,56,110,51.79999999999999,0,59,0,0
775,0,not_collected,319.15387365222074,58,59,270,98.99999999999976,0,148,0,0
776,1,success,718.9090501055125,58,58,114,53.39999999999998,0,60,0,0
777,1,success,590.442902772129,52,52,136,54.60000000000005,0,62,0,0
778,0,not_collected,263.3379140257839,47,51,238,92.59999999999984,0,138,0,0
779,1,success,599.0727532446388,50,50,123,54.99999999999996,0,75,0,0
780,1,success,605.2166400395338,60,60,165,65.20000000000002,0,77,0,0
781,0,not_collected,194.9898082956674,57,62,282,99.09999999999995,0,153,0,0
782,1,success,656.1514945194131,53,53,113,50.5,0,57,0,0
783,1,success,686.8649404034022,58,58,134,57.599999999999994,0,66,0,0
784,1,success,760.8994660019875,63,63,114,57.699999999999996,0,64,0,0
785,0,not_collected,305.11666337773266,53,57,262,74.19999999999985,0,97,0,0
786,0,no_return,98.42045415267371,50,50,233,77.99999999999976,0,126,0,0
787,1,success,674.1776243597276,60,60,155,66.79999999999997,0,84,0,0
788,1,success,621.2625314794489,60,60,194,81.19999999999982,0,115,0,0
789,0,no_return,107.6081403344871,54,54,250,98.69999999999986,0,171,0,0
790,1,success,785.7109720364217,64,64,114,55.00000000000001,0,51,0,0
791,0,no_return,334.0733256172396,61,61,278,99.09999999999972,0,150,0,0
792,1,success,639.5885996744041,58,58,155,62.80000000000001,0,78,0,0
793,0,not_collected,168.96644489541663,46,52,242,70.8,0,135,0,0
794,0,no_return,258.3149454124296,64,64,290,99.29999999999968,0,146,0,0
795,0,no_return,149.27340834140733,63,63,286,99.99999999999962,0,144,0,0
796,0,not_collected,295.8860964097081,56,57,263,99.89999999999984,0,154,0,0
797,0,not_collected,232.6498006783438,42,51,238,81.69999999999986,0,115,0,0
798,0,no_return,254.65203015133756,64,64,290,98.79999999999983,0,151,0,0
799,1,success,601.5218691244729,52,52,127,54.000000000000036,0,65,0,0
800,1,success,704.605509489775,58,58,121,55.6,0,63,0,0
801,0,not_collected,186.4525234147921,53,65,251,100.09999999999978,0,154,0,0
802,1,success,816.0999500438576,69,69,123,61.89999999999999,0,65,0,0
803,0,not_collected,259.35539054051134,57,63,286,80.0,0,145,0,0
804,0,not_collected,300.6568475238986,60,62,282,93.19999999999993,0,154,0,0
805,0,not_collected,281.9659421507272,65,66,293,99.39999999999979,0,156,0,0
806,0,no_return,71.24440297633315,69,69,305,99.7999999999997,0,134,0,0
807,1,success,720.8723411202433,58,58,106,52.0,0,56,0,0
808,0,no_return,236.6740452848379,64,64,290,96.19999999999948,0,131,0,0
809,0,not_collected,325.28932860940745,58,60,272,92.89999999999972,0,147,0,0
810,1,success,549.971614295245,62,62,259,98.99999999999974,0,153,0,0
811,1,success,684.324054026604,57,57,119,56.49999999999999,0,67,0,0
812,0,not_collected,265.43025108054275,54,58,266,97.79999999999981,0,157,0,0
813,0,not_collected,174.0335936341432,48,65,293,99.59999999999984,0,152,0,0
814,0,not_collected,405.57512692287645,66,67,301,99.79999999999957,0,133,0,0
815,1,success,701.8207745544619,69,69,200,80.8999999999998,0,105,0,0
816,0,not_collected,216.66031264662777,59,61,278,99.59999999999991,0,180,0,0
817,0,not_collected,304.5454785689717,55,61,278,99.1999999999998,0,139,0,0
818,1,success,735.326190054417,61,61,113,56.69999999999998,0,65,0,0
819,0,not_collected,361.2218436464676,57,58,265,97.7999999999997,0,149,0,0
820,0,no_return,168.19290401861073,62,62,282,99.49999999999983,0,155,0,0
821,1,success,728.3176358386877,61,61,122,56.899999999999984,0,64,0,0
822,0,not_collected,328.8259808525457,59,60,273,99.5999999999998,0,151,0,0
823,0,not_collected,352.9226088363688,56,57,262,96.89999999999966,0,163,0,0
824,0,no_return,235.00068448558497,65,65,293,99.49999999999972,0,151,0,0
825,1,success,713.8767194464803,62,62,117,57.99999999999998,0,68,0,0
826,0,not_collected,344.3939508285386,56,57,261,94.69999999999969,0,131,0,0
827,1,success,562.2655015960333,57,57,176,69.29999999999995,0,96,0,0
828,1,success,556.367361450941,59,59,196,84.89999999999976,0,132,0,0
829,0,not_collected,65.51206376887919,44,65,293,67.90000000000002,0,130,0,0
830,0,not_collected,-407.2585545815525,19,62,281,44.79999999999997,0,86,0,0
831,0,not_collected,262.7511211656043,54,62,280,99.79999999999967,0,150,0,0
832,0,not_collected,307.73387260139043,56,59,269,87.3999999999998,0,127,0,0
833,0,not_collected,258.20371126979734,57,62,282,66.99999999999997,0,109,0,0
834,1,success,745.2953773424028,63,63,125,59.49999999999999,0,68,0,0
835,0,not_collected,-152.6646021038299,45,59,269,50.900000000000134,0,94,0,0
836,0,not_collected,664.6548678070296,52,55,253,54.89999999999999,0,77,0,0
837,0,no_return,162.28450110666526,66,66,298,99.79999999999963,0,143,0,0
838,0,not_collected,270.0415634393695,54,60,273,81.89999999999974,0,112,0,0
839,0,not_collected,-118.42477516084908,20,62,280,44.800000000000004,0,117,0,0
840,1,success,632.0237254932526,55,55,138,59.3,0,73,0,0
841,0,not_collected,312.8926183313138,64,66,297,99.29999999999964,0,151,0,0
842,0,not_collected,307.53000712916366,57,59,270,99.4999999999997,0,151,0,0
843,1,success,531.5424567081042,57,57,213,80.69999999999987,0,115,0,0
844,0,not_collected,-148.66911958791314,21,67,301,99.69999999999985,0,179,0,0
845,0,not_collected,-333.46249071881226,11,59,269,16.099999999999987,0,34,0,0
846,1,success,645.0323713526134,59,59,151,70.09999999999998,0,91,0,0
847,1,success,715.7351590141652,64,64,147,66.59999999999992,0,81,0,0
848,1,success,795.2815233543517,65,65,105,56.299999999999976,0,61,0,0
849,1,success,685.8313898228112,67,67,175,78.89999999999982,0,108,0,0
850,0,not_collected,300.66993977576595,60,64,289,99.8999999999998,0,145,0,0
851,0,not_collected,-174.9408321678639,24,62,280,30.200000000000006,0,49,0,0
852,1,success,639.4608567044145,62,62,197,74.3999999999999,0,95,0,0
853,1,success,599.0845099210746,67,67,217,62.49999999999998,0,71,0,0
854,0,no_return,187.8733210191125,63,63,286,99.39999999999979,0,140,0,0
855,0,not_collected,223.24673439562383,60,63,285,99.69999999999983,0,154,0,0
856,1,success,652.6445068702105,62,62,161,60.800000000000004,0,73,0,0
857,1,success,686.6132642015818,57,57,118,55.89999999999999,0,67,0,0
858,0,not_collected,2.2306867629287415,39,60,272,68.00000000000001,0,142,0,0
859,1,success,504.71183368563663,58,58,208,58.199999999999974,0,78,0,0
860,1,success,734.6847472831608,65,65,140,62.300000000000004,0,69,0,0
861,0,not_collected,-225.57433049865088,36,61,277,41.40000000000003,0,55,0,0
862,0,not_collected,386.6159072674824,63,64,290,99.59999999999958,0,143,0,0
863,0,not_collected,-150.27678229510784,40,64,290,51.40000000000005,0,97,0,0
864,1,success,503.92734653540055,62,62,251,97.59999999999972,0,140,0,0
865,1,success,606.8445734344425,65,65,229,94.89999999999971,0,133,0,0
866,0,not_collected,72.70426244139728,41,64,290,99.89999999999976,0,183,0,0
867,0,no_return,76.3175823837511,64,64,287,100.19999999999995,0,154,0,0
868,0,not_collected,135.78854345902792,44,57,261,98.79999999999998,0,171,0,0
869,0,not_collected,334.5703644841918,63,64,289,92.89999999999985,0,146,0,0
870,1,success,548.4203084290032,58,58,217,80.99999999999987,0,117,0,0
871,0,not_collected,385.5875242158769,64,65,294,99.29999999999963,0,153,0,0
872,0,not_collected,361.29780519008716,62,65,294,99.49999999999963,0,138,0,0
873,1,success,594.8650859348477,59,59,172,60.49999999999998,0,84,0,0
874,0,not_collected,374.03776804022493,65,67,301,99.29999999999956,0,145,0,0
875,0,not_collected,195.6713557749987,57,64,289,98.19999999999997,0,151,0,0
876,1,success,731.1264130279424,60,60,108,52.59999999999999,0,55,0,0
877,0,not_collected,365.15329992398756,57,58,265,96.49999999999967,0,141,0,0
878,1,success,598.7488566122959,61,61,218,87.29999999999967,0,116,0,0
879,0,not_collected,196.66862401068207,55,59,269,54.89999999999999,0,71,0,0
880,0,not_collected,354.16752092614917,63,64,289,98.99999999999963,0,136,0,0
881,0,no_return,122.86381297558624,67,67,302,77.89999999999993,0,118,0,0
882,0,not_collected,373.81550127305115,67,68,306,99.19999999999963,0,145,0,0
883,0,not_collected,-273.3732221238314,10,57,262,18.899999999999995,0,45,0,0
884,1,success,705.438505226374,58,58,111,54.79999999999998,0,61,0,0
885,0,not_collected,293.0559145078068,53,55,253,80.79999999999993,0,121,0,0
886,0,not_collected,368.33895811438714,58,59,270,98.7999999999997,0,135,0,0
887,1,success,702.6400940909982,62,62,147,63.399999999999956,0,80,0,0
888,1,success,772.8125653758646,64,64,121,57.39999999999998,0,63,0,0
889,0,not_collected,221.666426713766,55,61,277,98.99999999999994,0,168,0,0
890,0,not_collected,302.6744271524254,61,62,282,94.89999999999976,0,143,0,0
891,1,success,778.3833017036319,67,67,141,65.69999999999999,0,76,0,0
892,1,success,580.1622872211041,62,62,196,74.99999999999983,0,98,0,0
893,0,no_return,53.731913802029254,60,60,273,65.3,0,100,0,0
894,0,not_collected,-94.3269989416005,51,65,293,68.2000000000001,0,132,0,0
895,1,success,666.4848671138291,60,60,155,64.99999999999994,0,84,0,0
896,1,success,438.06955368667883,66,66,256,78.99999999999984,0,111,0,0
897,0,no_return,269.2064437657597,67,67,302,99.69999999999958,0,143,0,0
898,0,not_collected,-30.211661143601013,34,65,293,99.79999999999988,0,174,0,0
899,0,no_return,312.33369237594394,66,66,298,99.7999999999996,0,153,0,0
900,0,no_return,170.21144894212532,58,58,265,92.19999999999968,0,133,0,0
901,0,not_collected,168.6953172840182,48,59,269,94.69999999999982,0,155,0,0
902,0,not_collected,309.1929743126043,63,64,289,99.99999999999986,0,151,0,0
903,0,not_collected,231.48133142963124,60,69,260,100.09999999999988,0,155,0,0
904,1,success,699.0510636866095,62,62,142,61.799999999999976,0,78,0,0
905,1,success,583.1791945368057,55,55,169,66.29999999999994,0,93,0,0
906,0,no_return,165.65966347046285,60,60,274,99.69999999999969,0,149,0,0
907,0,not_collected,384.1474428679806,60,61,277,99.39999999999957,0,148,0,0
908,0,not_collected,301.0515845716015,58,67,301,97.69999999999969,0,143,0,0
909,1,success,707.5949964344505,58,58,112,54.4,0,61,0,0
910,0,not_collected,-200.62502116560987,27,65,293,31.6,0,46,0,0
911,1,success,765.3911687999966,65,65,130,61.09999999999999,0,68,0,0
912,0,not_collected,347.8910901770006,55,57,262,92.09999999999968,0,130,0,0
913,0,not_collected,-395.2154698669905,7,65,293,13.599999999999998,0,27,0,0
914,0,not_collected,382.74032995998965,67,68,306,99.79999999999977,0,133,0,0
915,0,not_collected,343.0150940321391,61,62,282,99.59999999999981,0,156,0,0
916,0,no_return,184.5411912269882,66,66,298,80.09999999999984,0,114,0,0
917,0,not_collected,250.22515514642066,51,60,274,99.79999999999976,0,155,0,0
918,0,not_collected,311.55186703354195,61,68,306,99.39999999999974,0,163,0,0
919,0,not_collected,275.6659087054443,50,59,269,93.7999999999997,0,159,0,0
920,0,not_collected,-264.3064157634974,21,63,285,29.49999999999998,0,54,0,0
921,0,not_collected,313.44020974040143,58,60,273,98.89999999999985,0,152,0,0
922,1,success,711.3333347350364,60,60,128,63.799999999999955,0,84,0,0
923,0,not_collected,-66.81772112473837,33,66,298,36.40000000000002,0,56,0,0
924,0,not_collected,346.922105286644,56,59,269,98.99999999999969,0,159,0,0
925,1,success,392.30769099220686,58,58,234,86.19999999999978,0,124,0,0
926,0,no_return,140.44793203920133,62,62,282,99.29999999999954,0,143,0,0
927,0,not_collected,59.455738260597,38,58,264,99.49999999999986,0,161,0,0
928,0,not_collected,178.30209535658415,50,56,258,49.80000000000001,0,65,0,0
929,1,success,763.9030771479005,68,68,146,69.19999999999996,0,85,0,0
930,0,not_collected,192.45736272484012,55,61,277,98.99999999999996,0,162,0,0
931,1,success,777.8130397439004,69,69,154,71.09999999999987,0,90,0,0
932,0,not_collected,390.9435165397831,58,59,269,93.79999999999959,0,140,0,0
933,0,not_collected,267.7348478183161,55,57,261,99.39999999999985,0,148,0,0
934,1,success,724.0546174131334,64,64,146,68.99999999999996,0,82,0,0
935,0,not_collected,23.492892196774648,46,61,277,83.6,0,166,0,0
936,0,not_collected,204.16231888979726,56,61,278,53.40000000000002,0,69,0,0
937,1,success,676.9062250837685,59,59,124,57.699999999999996,0,69,0,0
938,0,no_return,285.61849378235746,68,68,306,99.99999999999966,0,147,0,0
939,0,not_collected,84.05474222078965,35,60,272,99.79999999999977,0,189,0,0
940,1,success,668.942885935307,59,59,143,66.29999999999995,0,85,0,0
941,0,not_collected,302.62258969247404,55,56,258,99.19999999999983,0,155,0,0
942,0,no_return,187.09089853167555,57,57,262,93.6999999999997,0,128,0,0
943,0,not_collected,219.61500672139294,54,59,270,99.89999999999979,0,158,0,0
944,1,success,495.7041896495966,68,68,232,71.99999999999986,0,96,0,0
945,0,not_collected,-292.56932413578045,15,68,305,32.6,0,64,0,0
946,0,not_collected,332.29038510918656,63,67,301,98.6999999999997,0,149,0,0
947,1,success,469.8873525150124,59,59,224,75.69999999999989,0,101,0,0
948,0,not_collected,298.0638015866294,65,66,298,78.69999999999997,0,134,0,0
949,1,success,473.5982623659078,57,57,230,86.49999999999976,0,123,0,0
950,0,no_return,223.6235298313207,65,65,293,99.19999999999965,0,145,0,0
951,0,not_collected,121.11484605744447,35,58,265,85.69999999999983,0,118,0,0
952,1,success,657.8253778845075,59,59,141,59.699999999999996,0,73,0,0
953,0,not_collected,365.3851959988482,62,64,289,99.29999999999978,0,161,0,0
954,1,success,675.4477417528634,57,57,124,54.70000000000001,0,62,0,0
955,0,not_collected,-211.590235805512,42,67,302,53.90000000000028,0,129,0,0
956,1,success,669.3965791463856,58,58,141,61.599999999999994,0,77,0,0
957,1,success,651.318733401597,63,63,153,63.9,0,73,0,0
958,0,not_collected,41.41779851540912,51,68,301,84.89999999999989,0,134,0,0
959,0,not_collected,196.3893992617728,52,58,264,67.80000000000001,0,111,0,0
960,0,not_collected,302.7420432958765,55,56,258,98.99999999999986,0,151,0,0
961,0,not_collected,-20.13188746497041,30,59,270,99.00000000000001,0,176,0,0
962,1,success,692.0612226709724,64,64,167,68.79999999999993,0,89,0,0
963,0,no_return,169.69710979536183,63,63,285,98.09999999999953,0,139,0,0
964,0,not_collected,219.10143477506904,60,62,282,86.69999999999987,0,134,0,0
965,0,not_collected,271.06248967424125,52,57,262,99.5999999999998,0,149,0,0
966,0,no_return,168.45832740105774,60,60,265,100.1999999999997,0,148,0,0
967,0,not_collected,11.747143734991852,33,56,257,80.50000000000004,0,143,0,0
968,0,not_collected,345.4115584835411,62,65,293,87.59999999999974,0,139,0,0
969,0,no_return,130.07087319940408,63,63,286,98.79999999999973,0,142,0,0
970,0,no_return,263.002186204493,63,63,286,91.69999999999969,0,128,0,0
971,0,no_return,366.59825976938123,57,57,261,91.49999999999974,0,126,0,0
972,0,not_collected,270.76033392176043,60,61,278,99.39999999999974,0,145,0,0
973,0,not_collected,188.20067620351904,53,61,277,62.9,0,87,0,0
974,0,not_collected,346.17682374492335,58,59,270,99.59999999999962,0,146,0,0
975,0,not_collected,287.6302730109551,57,66,297,99.59999999999981,0,147,0,0
976,1,success,444.0461539205164,68,68,260,98.39999999999974,0,146,0,0
977,0,not_collected,338.92034884393274,62,64,290,99.89999999999979,0,145,0,0
978,0,no_return,311.00733005330034,64,64,290,99.99999999999966,0,136,0,0
979,1,success,572.9605636335916,61,61,198,74.89999999999986,0,96,0,0
980,0,not_collected,-461.46564236581503,4,58,265,5.200000000000001,0,11,0,0
981,1,success,588.4101499892781,61,61,209,83.49999999999986,0,121,0,0
982,0,not_collected,349.86555973664093,56,57,262,98.49999999999969,0,142,0,0
983,1,success,758.8682447195054,62,62,112,54.79999999999998,0,58,0,0
984,0,not_collected,335.20153107494195,62,63,285,99.39999999999976,0,145,0,0
985,0,not_collected,535.4874873779725,53,55,254,63.3,0,91,0,0
986,0,not_collected,-620.9635160796346,29,57,260,27.899999999999995,0,47,0,0
987,1,success,477.3198990419503,65,65,257,94.29999999999967,0,139,0,0
988,0,not_collected,264.0127539619809,55,57,261,80.99999999999982,0,120,0,0
989,0,not_collected,-50.60984310209763,28,61,277,39.20000000000001,0,80,0,0
990,1,success,638.6597456857567,68,68,232,89.7999999999997,0,120,0,0
991,0,not_collected,-4.685890725255145,54,66,298,50.00000000000003,0,63,0,0
992,0,not_collected,39.19291786216138,54,65,293,60.600000000000136,0,107,0,0
993,0,not_collected,404.2562834683813,61,62,282,90.39999999999952,0,130,0,0
994,0,not_collected,49.03553114086397,34,57,262,99.59999999999981,0,209,0,0
995,1,success,709.4488099940127,61,61,141,64.09999999999995,0,85,0,0
996,0,no_return,198.5451053842911,66,66,297,98.99999999999969,0,145,0,0
997,0,no_return,256.65222924053717,56,56,258,94.89999999999972,0,161,0,0
998,0,not_collected,388.8137139622129,60,61,277,96.79999999999953,0,130,0,0
999,0,not_collected,357.9874632991861,59,60,274,98.59999999999962,0,142,0,0
